Total Votes,Khan Votes,Khan Percent,Correy Count,Correy Percent,Li Count,Li Percent,Tooley Count,Tooley Percent,Winner
3521001,2218231,63.00001050837531,704200,19.999994319797125,492940,13.999996023857989,105630,2.999999147969569,Khan
